<?xml version="1.0" encoding="UTF-8" ?>
<!DOCTYPE mapper     
PUBLIC "-//mybatis.org//DTD Mapper 3.0//EN"     
"http://mybatis.org/dtd/mybatis-3-mapper.dtd">  

<mapper namespace="mapper.CommentMapper">    

<select id="selectAll" parameterType="hashmap" resultType="comment">
   
select 
	comment_no commentNo,
	user_id userId,
	comment_content commentContent,
	reg_date regDate
from comment_tab  
<where>
	<if test="cId != null">
	comment_no = #{cId}</if>
</where>
</select>

<insert id="insertComment" parameterType="comment">
	INSERT INTO comment_tab
	VALUES( #{commentNo},#{userId},#{commentContent},sysdate)
</insert>  
<!-- # : PreparedStatement효과, $: Statement 효과 -->

<update id="update" parameterType="hashmap">
	Update comment_tab Set user_id = #{UserId},comment_content = #{CommentContent},reg_date = sysdate  
	Where comment_no = #{cId}
</update>


</mapper> 
 