<?xml version="1.0" encoding="UTF-8" ?> 
<!DOCTYPE configuration     
PUBLIC "-//mybatis.org//DTD Config 3.0//EN"     
"http://mybatis.org/dtd/mybatis-3-config.dtd">  
<configuration>
<properties resource="db.properties"></properties> 

<settings>
	<setting name="mapUnderscoreToCamelCase" value="true"/>
</settings>  

<typeAliases>
	<typeAlias type="mybatis.guest.model.Comment" alias="comment"/>
</typeAliases>

<environments default="development">       
<environment id="development">       
<transactionManager type="JDBC"/><!-- 커밋을 누가 담당할까 JDBC / MANAGER -->      
<dataSource type="POOLED"><!-- 컨넥션플을 할까 pooled / unpooled -->          
<property name="driver" value="${driver}"/>         
<property name="url" value="${url}"/>         
<property name="username" value="${username}"/>         
<property name="password" value="${password}"/>       
</dataSource>     
</environment>   
</environments>   
<!-- 여러개의 mapper 설정 -->
<mappers>     
<mapper resource="mybatis/guest/mapper/CommentMapper.xml"/> 
<mapper resource="mybatis/board/mapper/BoardMapper.xml"/>  
</mappers>
</configuration> 